SYM,DATE,CLOSE,OPEN,MKT,SO,PF,B,RPP,PER,EPS,Y,D,FS,AV,SEC,INDUS,SENT
ACET,2017-07-03 00:00:42.993000,15.45,15.44,465.06,30.1,29.09,1.25,2.14,29.71,0.52,1.68,0.07,7.91,223.99,2.0,31.0,0.23541333333333336
AHGP,2017-07-03 00:00:44.563121,23.7,24.7,1.42,59.86,23.25,0.75,595.46,6.75,3.51,9.28,0.55,0.88,132.61,1.0,3.0,0.15527142857142856
ARLP,2017-07-03 00:00:45.248108,18.9,19.6,1.41,74.6,42.3,0.89,957.77,4.58,4.13,9.26,0.44,2.2,327.61,1.0,3.0,0.09354285714285715
ATLO,2017-07-03 00:00:45.858543,30.6,31.15,284.92,9.31,8.49,1.03,259.28,18.32,1.67,2.88,0.22,1.42,7.39,10.0,13.0,0.031799999999999995
AFSI,2017-07-03 00:00:46.589580,15.14,15.34,2.58,171.25,84.41,0.91,716.35,7.28,2.08,4.49,0.17,18.05,3.5,10.0,7.0,0.08552
ADI,2017-07-03 00:00:47.446190,77.8,78.3,28.55,367.01,365.42,1.23,400.56,26.55,2.93,2.31,0.45,1.42,4.11,9.0,86.0,-0.5696866666666668
APOG,2017-07-03 00:00:48.090667,56.84,55.67,1.64,28.78,28.06,1.37,206.67,19.53,2.91,0.99,0.14,16.8,290.79,8.0,28.0,-0.048269230769230766
AMAT,2017-07-03 00:00:48.653113,41.23,41.81,44.39,1.07,1.07,1.29,774.97,17.0,2.43,0.97,0.1,1.23,9.77,9.0,86.0,0.046933333333333334
ARCB,2017-07-03 00:00:50.997837,20.6,20.5,532.22,25.84,24.9,1.76,248.17,31.69,0.65,1.55,0.08,1.81,257.32,11.0,90.0,0.2135428571428571
BRKR,2017-07-03 00:00:52.020569,28.84,28.86,4.61,159.94,103.87,1.16,270.13,30.68,0.94,0.55,0.04,2.92,715.68,8.0,52.0,0.11356363636363637
BMTC,2017-07-03 00:00:52.991757,42.3896,43.0,719.95,16.94,16.28,0.85,317.9,19.77,2.15,1.98,0.21,3.59,67.76,10.0,13.0,0.17759999999999998
CFFI,2017-07-03 00:00:53.631215,46.9,47.25,163.54,3.49,3.23,0.61,182.56,11.82,3.97,2.81,0.33,0.5,5.49,10.0,13.0,0
CHRW,2017-07-03 00:00:54.445293,68.68,67.76,9.68,140.89,139.01,0.78,954.73,18.97,3.62,2.62,0.45,12.01,1.44,11.0,14.0,0.14006666666666667
CCMP,2017-07-03 00:00:55.076744,73.83,74.81,1.86,25.26,24.62,0.99,413.34,23.22,3.18,1.08,0.2,1.36,227.59,9.0,86.0,0.19910666666666668
CAC,2017-07-03 00:00:55.718200,42.91,43.91,665.66,15.51,15.1,0.9,269.5,17.7,2.42,2.14,0.23,5.32,47.62,10.0,13.0,0.1629866666666667
CPHC,2017-07-03 00:00:56.508782,11.005,11.005,48.11,4.37,2.57,0.19,61.99,10.79,1.02,2.18,0.06,0.04,2.37,3.0,23.0,0
CASY,2017-07-03 00:00:57.493984,107.11,106.01,4.2,39.18,38.75,0.71,214.39,23.91,4.48,0.97,0.26,11.91,500.22,7.0,19.0,0.17693999999999996
CASS,2017-07-03 00:00:58.174548,65.64,66.68,734.91,11.2,9.09,1.08,119.59,29.84,2.2,1.4,0.23,4.28,25.47,5.0,2.0,0.0
CATY,2017-07-03 00:00:58.908569,37.95,38.18,3.03,79.83,74.6,1.38,480.94,17.02,2.23,2.21,0.21,2.25,435.95,10.0,13.0,0.04242666666666666
CBFV,2017-07-03 00:00:59.824723,25.95,25.95,106.08,4.09,3.69,0.02,196.39,14.66,1.77,3.39,0.22,0.2,4.27,10.0,13.0,0.3194357142857144
CBOE,2017-07-03 00:01:00.457674,91.11,91.11,10.24,112.04,105.18,0.59,1.52,49.95,1.83,1.09,0.25,4.04,1.17,10.0,45.0,-0.018285714285714287
CDK,2017-07-03 00:01:01.756097,62.06,61.87,9.01,145.19,144.77,1.08,252.53,31.66,1.96,0.9,0.14,1.88,949.67,5.0,2.0,0.3052266666666667
CHFC,2017-07-03 00:01:02.723285,48.41,48.73,3.44,71.12,70.16,1.03,185.05,21.92,2.21,2.23,0.27,2.51,343.4,10.0,13.0,-0.028342857142857142
CHMG,2017-07-03 00:01:03.435869,40.88,41.24,193.49,4.73,3.71,0.39,209.04,18.93,2.16,2.54,0.26,0.91,6.58,10.0,13.0,0.09106666666666667
PLCE,2017-07-03 00:01:04.243942,102.3783,102.45,1.8,17.66,17.26,0.72,116.3,16.79,6.08,1.57,0.4,25.43,593.53,3.0,38.0,0.009939999999999994
CTBI,2017-07-03 00:01:04.960455,43.75,44.1,772.84,17.67,17.04,0.88,196.89,16.39,2.67,2.93,0.32,1.57,43.05,10.0,13.0,0.60746
CWBC,2017-07-03 00:01:05.583399,10.1,10.4,81.84,8.1,5.35,0.18,298.18,15.89,0.64,1.58,0.04,0.08,5.17,10.0,13.0,0.04115833333333333
CPSI,2017-07-03 00:01:06.307938,32.7064,32.65,443.98,13.54,11.46,0.73,130.85,74.55,0.44,2.44,0.2,31.59,104.72,9.0,68.0,0.11295333333333334
CMTL,2017-07-03 00:01:06.960404,18.97,19.2,447.12,23.55,22.68,1.1,273.26,37.94,0.5,2.11,0.1,3.94,261.89,9.0,98.0,-0.009846153846153846
CNMD,2017-07-03 00:01:07.768034,50.94,50.91,1.42,27.87,27.62,0.81,233.0,115.77,0.44,1.57,0.2,3.94,136.67,2.0,93.0,0.043506666666666666
CTWS,2017-07-03 00:01:08.305917,55.51,56.0,641.92,11.56,11.26,0.61,374.35,25.61,2.17,2.14,0.3,2.05,35.91,0.0,91.0,0.07750666666666665
CORE,2017-07-03 00:01:09.634864,33.06,32.65,1.53,46.32,45.13,0.82,1.95,30.25,1.09,1.09,0.09,7.09,271.48,4.0,84.0,0.13278666666666666
COST,2017-07-03 00:01:10.317852,160.09,159.6,70.14,438.68,435.62,0.68,565.53,27.72,5.77,1.25,0.5,1.84,3.14,3.0,0.0,0.04933333333333333
ICBK,2017-07-03 00:01:10.947843,24.0,25.28,159.38,6.64,5.04,0.41,391.39,14.63,1.64,1.0,0.06,1.2,13.52,10.0,13.0,0.22669333333333327
CBRL,2017-07-03 00:01:11.580314,167.25,168.29,4.02,24.04,23.75,0.74,40.12,20.22,8.27,2.87,3.5,17.92,246.24,3.0,66.0,0.17776666666666668
CRWS,2017-07-03 00:01:12.595520,6.95,6.7,69.9,10.03,8.55,0.3,554.44,12.41,0.56,4.6,0.08,0.59,18.45,12.0,55.0,0.24594166666666664
CSGS,2017-07-03 00:01:13.474162,40.58,40.67,1.37,33.79,32.98,0.91,231.64,21.59,1.88,1.95,0.2,1.97,229.33,9.0,68.0,0.14324
CSX,2017-07-03 00:01:14.105679,54.56,54.75,50.34,922.69,876.68,1.19,419.26,29.81,1.83,1.47,0.2,2.58,7.54,11.0,97.0,0.18427333333333334
FAST,2017-07-03 00:01:14.720734,43.53,42.96,12.59,289.26,287.39,1.07,205.01,24.87,1.75,2.94,0.32,8.46,3.23,3.0,74.0,0.18838
FBSS,2017-07-03 00:01:15.459260,19.0001,19.0,71.61,3.77,3.54,-0.27,175.71,18.63,1.02,2.53,0.12,0.05,1.28,10.0,13.0,0.0
LION,2017-07-03 00:01:16.161300,22.86,23.0,602.48,26.36,21.33,1.02,252.35,13.37,1.71,2.1,0.12,4.58,111.32,10.0,13.0,0.09866666666666667
FISI,2017-07-03 00:01:16.931367,29.7978,29.9,433.35,14.54,13.75,0.88,231.08,14.06,2.12,2.82,0.21,0.79,68.12,10.0,13.0,0.34892666666666666
FBNC,2017-07-03 00:01:18.010634,31.26,31.6,770.72,24.66,24.17,0.98,201.67,23.33,1.34,1.02,0.08,2.75,122.01,10.0,13.0,0.36873333333333336
FNLC,2017-07-03 00:01:18.610586,27.06,27.76,292.71,10.82,9.2,0.86,286.6,16.11,1.68,3.55,0.24,1.32,20.84,10.0,13.0,0.1954384615384615
BUSE,2017-07-03 00:01:19.368125,29.32,29.77,1.12,38.21,32.04,0.96,206.96,20.36,1.44,2.46,0.18,2.11,124.77,10.0,13.0,0.24468461538461533
FBIZ,2017-07-03 00:01:20.423438,23.08,23.33,201.21,8.72,8.15,0.52,347.63,14.7,1.57,2.25,0.13,1.03,23.74,10.0,13.0,0.17054666666666665
FCAP,2017-07-03 00:01:21.132941,31.15,30.71,103.98,3.34,3.19,0.21,152.28,15.27,2.04,2.7,0.21,0.06,658.6,10.0,54.0,0.05668571428571429
THFF,2017-07-03 00:01:21.741916,47.3,48.05,578.2,12.22,9.71,0.9,172.39,16.94,2.79,2.11,0.5,1.11,30.41,10.0,13.0,0.05805
FFNW,2017-07-03 00:01:22.395883,16.13,16.33,178.01,11.04,8.23,0.55,378.2,19.2,0.84,1.74,0.07,0.98,28.01,10.0,13.0,0.1990777777777778
FGBI,2017-07-03 00:01:22.967801,27.24,27.1688,207.27,7.61,3.87,0.23,228.0,14.57,1.87,2.35,0.16,0.23,16.28,10.0,54.0,-0.3182
FHB,2017-07-03 00:01:23.735899,30.62,30.72,4.27,139.55,52.88,1.02,329.17,19.26,1.59,2.87,0.22,1.6,425.19,10.0,13.0,0.15308
INBK,2017-07-03 00:01:27.514087,28.05,28.45,182.27,6.5,6.07,0.63,401.42,12.81,2.19,0.86,0.06,1.7,20.73,10.0,13.0,0.03178
FIBK,2017-07-03 00:01:28.152542,37.2417,37.55,2.1,21.92,20.37,1.01,252.79,16.99,2.19,2.58,0.24,4.21,296.12,10.0,13.0,0.27253333333333335
GLBZ,2017-07-03 00:01:30.047423,10.51,10.65,30.13,2.79,2.16,0.13,161.65,26.16,0.4,3.81,0.1,0.07,1.66,10.0,13.0,0
SELF,2017-07-03 00:01:30.945081,4.9,4.96,37.33,7.62,7.17,0.16,266.8,120.69,0.04,5.31,0.07,0.19,14.85,3.0,75.0,0.2157
GMLP,2017-07-03 00:01:31.562502,20.25,20.41,1.42,69.25,48.4,1.09,934.29,7.04,2.85,11.51,0.58,4.3,300.46,3.0,20.0,0.0
MLHR,2017-07-03 00:01:32.278030,30.4,30.45,1.82,59.79,59.09,1.23,300.2,14.01,2.17,2.24,0.17,2.0,349.2,7.0,34.0,0
HIHO,2017-07-03 00:01:33.004374,3.45,3.432,13.12,3.8,2.55,0.25,64.48,24.64,0.14,8.12,0.07,0.1,9.38,8.0,69.0,0
HOMB,2017-07-03 00:01:33.657840,24.9,25.14,3.57,143.43,127.08,1.24,356.17,19.15,1.3,1.45,0.09,6.1,1.03,10.0,13.0,0.07914
HOPE,2017-07-03 00:01:34.648648,18.65,18.98,2.52,135.25,128.78,1.19,387.66,17.27,1.08,2.57,0.12,1.49,623.88,10.0,13.0,0.6232866666666668
HFBC,2017-07-03 00:01:35.277097,14.334,14.5,96.28,6.72,5.85,0.06,169.69,26.54,0.54,1.4,0.05,0.1,3.28,10.0,13.0,0.148
HBNC,2017-07-03 00:01:36.211261,26.35,26.51,584.86,22.2,20.85,0.83,225.0,22.59,1.17,1.97,0.13,1.17,59.83,10.0,13.0,0.22086
HPT,2017-07-03 00:01:36.922813,29.15,29.63,4.79,164.27,161.62,1.0,4.58,25.43,1.15,7.14,0.52,2.28,626.91,3.0,75.0,0.5781133333333331
HSNI,2017-07-03 00:01:38.983783,31.9,31.8,1.67,52.38,31.9,0.95,544.02,15.19,2.1,4.39,0.35,5.96,440.63,3.0,82.0,0.06878666666666668
HBAN,2017-07-03 00:01:40.485351,13.52,13.47,14.7,1.09,1.07,1.28,258.61,20.2,0.67,2.37,0.08,1.6,9.5,10.0,13.0,0.1704133333333333
HURC,2017-07-03 00:01:41.338487,34.6091,34.95,230.18,6.6,6.14,1.2,301.35,22.76,1.53,1.15,0.1,0.62,22.95,8.0,6.0,0
IBKC,2017-07-03 00:01:42.884588,81.5,82.05,4.15,50.97,50.09,1.08,305.0,18.83,4.33,1.77,0.36,2.07,429.61,10.0,13.0,0.10147142857142856
IROQ,2017-07-03 00:01:43.584589,19.5,19.45,78.08,4.0,3.04,0.04,266.8,16.39,1.19,0.82,0.08,0.04,1.92,10.0,54.0,0
ILG,2017-07-03 00:01:45.450466,27.49,27.54,3.43,124.77,105.46,1.0,154.48,10.22,2.69,2.18,0.15,5.4,1.49,10.0,87.0,0.30644285714285713
IXYS,2017-07-03 00:01:46.176518,16.45,16.45,520.0,31.61,24.68,1.31,321.16,25.31,0.65,0.97,0.04,0.51,194.61,9.0,86.0,0.3063066666666666
LKFN,2017-07-03 00:01:47.861248,45.88,46.49,1.16,25.18,24.09,0.95,340.19,23.37,1.96,1.92,0.22,5.12,75.98,10.0,13.0,0.20011333333333328
LRCX,2017-07-03 00:01:49.254774,142.46,143.37,22.81,161.31,160.63,1.34,962.61,18.04,7.84,1.27,0.45,6.05,2.23,9.0,6.0,0.2955066666666667
LSTR,2017-07-03 00:01:50.181985,85.6,86.15,3.59,41.93,41.57,0.81,2.7,25.71,3.33,0.42,0.09,3.87,273.66,11.0,90.0,0.052086666666666656
MKTX,2017-07-03 00:01:51.289272,201.1,204.52,7.56,37.59,36.15,1.0,1.0,54.5,3.69,0.66,0.33,1.29,168.72,10.0,45.0,0.1161
MRVL,2017-07-03 00:01:51.924009,16.5,16.82,8.29,501.67,417.3,1.19,526.62,61.14,0.27,1.45,0.06,1.52,7.27,9.0,86.0,-0.017066666666666667
MAT,2017-07-03 00:01:52.476459,21.44,20.98,7.38,342.56,341.47,0.86,166.34,27.25,0.79,2.79,0.15,6.0,6.95,4.0,46.0,0.39933333333333326
MATW,2017-07-03 00:01:53.309034,61.25,61.25,1.97,32.2,30.96,0.98,144.56,27.71,2.21,1.11,0.17,1.05,90.36,8.0,69.0,-0.128
MXIM,2017-07-03 00:01:53.947553,44.9,44.89,12.69,282.55,279.95,1.08,313.29,25.8,1.74,2.94,0.33,1.4,2.19,9.0,86.0,0.15932666666666667
MGRC,2017-07-03 00:01:54.622517,34.63,34.9,830.5,23.98,22.21,0.89,397.03,20.99,1.65,3.0,0.26,0.96,78.5,9.0,24.0,0.17062727272727274
MFIN,2017-07-03 00:01:55.847888,2.39,2.36,58.02,24.28,20.41,0.81,175.14,3.23,0.74,8.37,0.05,30.68,170.94,10.0,49.0,0.079175
MELI,2017-07-03 00:01:56.594922,250.92,254.1,11.08,44.16,39.94,1.53,231.72,71.68,3.5,0.24,0.15,3.73,590.45,5.0,2.0,-0.04443333333333334
MBWM,2017-07-03 00:01:57.361483,31.48,31.68,518.35,16.47,15.96,0.9,202.46,16.66,1.89,2.29,0.18,0.98,38.31,10.0,13.0,0.05555555555555555
MSBI,2017-07-03 00:01:58.088502,33.5069,33.7,637.18,15.79,11.5,0.73,286.4,14.9,2.25,2.39,0.2,1.88,76.53,10.0,13.0,-0.14686153846153846
MOFG,2017-07-03 00:01:58.717948,33.89,34.05,413.83,12.21,10.4,0.8,229.77,18.03,1.88,1.95,0.17,0.63,42.66,10.0,13.0,0.25512307692307695
MNDO,2017-07-03 00:01:59.525024,2.509,2.51,48.4,19.29,15.97,0.46,68.48,11.95,0.21,12.75,0.32,0.15,25.85,9.0,68.0,0.0
MKSI,2017-07-03 00:02:00.124471,67.6734,67.6,3.64,54.11,53.3,1.15,331.87,24.21,2.78,1.04,0.18,4.1,512.6,8.0,6.0,0.16243333333333332
MINI,2017-07-03 00:02:02.837903,29.85,29.8,1.32,44.2,43.5,1.34,254.06,28.43,1.05,3.04,0.23,7.16,222.0,8.0,69.0,0.21880833333333335
MDLZ,2017-07-03 00:02:03.963184,43.2,43.59,65.53,1.52,1.51,0.99,287.58,38.97,1.11,1.76,0.19,1.04,7.29,4.0,21.0,0.31949333333333335
MPWR,2017-07-03 00:02:05.013968,96.4,97.22,3.98,41.27,37.97,1.3,285.47,72.48,1.33,0.83,0.2,3.05,278.24,9.0,86.0,0.008386666666666664
NTAP,2017-07-03 00:02:05.623402,40.05,40.18,10.88,270.95,270.55,1.05,545.84,22.13,1.81,2.0,0.2,3.75,3.04,9.0,96.0,0.2791066666666666
NYMT,2017-07-03 00:02:06.306413,6.22,6.24,695.66,111.84,110.22,0.67,18.32,12.2,0.51,12.86,0.2,9.28,796.21,3.0,75.0,0.5764466666666667
NEWS,2017-07-03 00:02:06.905858,10.5,10.47,441.77,42.07,26.29,1.49,4.08,18.75,0.56,0.76,0.02,0.94,86.72,10.0,49.0,0.13144
NXST,2017-07-03 00:02:07.714914,59.8,61.1,2.82,47.22,44.01,1.43,306.57,25.67,2.33,2.01,0.3,12.25,784.65,3.0,67.0,0.09698666666666668
NICE,2017-07-03 00:02:08.928778,78.72,78.82,4.83,60.32,60.27,0.84,225.52,47.92,1.64,0.81,0.16,1.21,163.86,9.0,37.0,0.2846466666666666
NICK,2017-07-03 00:02:09.700328,9.2,9.04,71.85,7.81,7.14,0.48,295.06,13.33,0.69,5.22,0.12,1.54,15.76,10.0,48.0,-0.5088733333333334
OLBK,2017-07-03 00:02:11.349554,28.4065,28.69,308.57,10.95,8.42,0.29,303.74,20.87,1.35,1.14,0.08,0.91,24.06,10.0,13.0,0.12766428571428573
ONB,2017-07-03 00:02:11.993015,17.25,17.45,2.34,135.37,132.58,1.15,247.03,15.87,1.09,3.01,0.13,4.82,946.88,10.0,13.0,0.03489090909090909
OPOF,2017-07-03 00:02:12.955199,32.88,32.4,163.68,4.98,3.92,-0.02,150.68,43.84,0.75,1.34,0.11,0.15,14.53,10.0,13.0,0
OSBC,2017-07-03 00:02:13.618670,11.55,11.2,341.65,29.58,27.26,0.71,224.97,20.26,0.57,0.35,0.01,1.49,115.83,10.0,13.0,0.05249333333333332
ZEUS,2017-07-03 00:02:14.209093,19.48,19.77,213.58,10.96,9.22,1.54,681.72,29.97,0.65,0.41,0.02,2.98,260.63,12.0,69.0,-0.0247
POPE,2017-07-03 00:02:15.200799,74.05,74.0,323.45,4.37,2.99,0.07,1.33,31.38,2.36,3.78,0.7,0.03,1.1,4.0,43.0,0.2090533333333334
BPOP,2017-07-03 00:02:16.119969,41.71,42.03,4.25,101.99,100.24,1.16,273.84,19.58,2.13,2.4,0.25,1.13,493.29,10.0,13.0,0.39969333333333334
PCH,2017-07-03 00:02:17.533476,45.7,45.6,1.86,40.61,39.91,0.92,651.89,68.21,0.67,3.28,0.38,3.25,335.02,3.0,75.0,0.19617333333333334
POWL,2017-07-03 00:02:18.520211,31.99,32.18,365.61,11.43,8.64,1.05,205.78,39.49,0.81,3.25,0.26,0.75,29.58,7.0,73.0,0.15786666666666666
POWI,2017-07-03 00:02:19.598481,72.9,74.35,2.16,29.69,28.54,1.26,649.77,40.73,1.79,0.77,0.14,3.02,175.82,9.0,86.0,0.06061333333333333
PLPC,2017-07-03 00:02:20.434074,46.42,46.37,237.58,5.12,2.38,0.84,132.81,16.94,2.74,1.72,0.2,1.54,7.65,12.0,91.0,0.3276
PFBI,2017-07-03 00:02:21.211224,20.61,20.92,219.66,10.66,8.37,0.39,189.62,17.1,1.21,2.91,0.15,0.78,19.63,10.0,13.0,0.0
PSMT,2017-07-03 00:02:21.900258,87.6,86.3,2.66,30.4,20.34,0.93,376.28,29.2,3.0,0.8,0.35,6.4,118.3,3.0,0.0,0.007606666666666665
PRIM,2017-07-03 00:02:22.595819,24.94,24.8,1.28,51.44,39.71,1.32,268.48,40.23,0.62,0.88,0.06,2.05,184.43,12.0,91.0,0.24752666666666664
PROV,2017-07-03 00:02:23.932774,19.25,19.51,151.92,7.89,6.06,0.5,147.11,22.38,0.86,2.7,0.13,0.65,17.37,10.0,54.0,0.02114285714285714
PBIP,2017-07-03 00:02:24.626267,18.16,18.34,163.74,9.02,8.34,0.2,348.68,244.09,0.07,0.66,0.03,0.59,29.86,10.0,65.0,0.1872769230769231
PMD,2017-07-03 00:02:25.310253,24.95,25.0,136.23,5.46,4.98,0.41,206.42,16.74,1.49,2.4,0.15,0.86,23.86,2.0,12.0,0
QCRH,2017-07-03 00:02:25.980730,47.4297,47.75,624.26,13.17,12.2,0.5,254.63,20.52,2.31,0.42,0.05,0.79,46.14,10.0,13.0,0.12112857142857143
QCOM,2017-07-03 00:02:26.628192,55.1,55.6,81.58,1.48,1.47,1.02,762.07,18.41,3.0,4.13,0.57,1.73,11.06,9.0,98.0,0.22899333333333335
RAVN,2017-07-03 00:02:27.721533,33.3,33.65,1.2,36.09,35.79,1.15,321.54,45.0,0.74,1.56,0.13,1.34,171.33,8.0,47.0,-0.004846666666666662
RICK,2017-07-03 00:02:28.519203,23.8562,24.3,231.7,9.72,8.98,0.52,67.62,23.84,1.0,0.5,0.03,1.4,84.91,3.0,66.0,0.04674666666666667
RRR,2017-07-03 00:02:29.994754,23.55,23.5,2.77,67.72,66.89,1.02,106.12,26.76,0.88,1.7,0.1,3.56,764.38,3.0,27.0,0.28601999999999994
SIGI,2017-07-03 00:02:30.689307,50.05,50.95,2.92,58.25,56.98,0.96,1.04,17.14,2.92,1.28,0.16,1.33,248.76,10.0,7.0,0.10668000000000001
SNH,2017-07-03 00:02:31.392859,20.44,20.49,4.86,237.54,234.33,0.66,2.35,34.86,0.59,7.63,0.39,2.49,1.65,3.0,75.0,0.5998733333333334
SFBS,2017-07-03 00:02:33.314254,36.89,37.05,1.95,52.83,44.7,0.99,575.43,23.57,1.57,0.54,0.05,8.62,153.88,10.0,13.0,0.21176666666666671
SCVL,2017-07-03 00:02:34.000790,20.8614,21.07,360.35,17.23,11.51,0.87,194.91,17.55,1.19,1.44,0.08,8.51,169.15,3.0,38.0,0.1449153846153846
SHBI,2017-07-03 00:02:34.983990,16.45,16.58,208.59,12.68,12.42,0.37,190.5,20.82,0.79,1.22,0.05,0.55,32.17,10.0,13.0,0.11839999999999999
SIFI,2017-07-03 00:02:35.660474,16.1,16.05,196.48,12.2,11.09,0.29,231.41,16.6,0.97,1.24,0.05,0.55,26.1,10.0,54.0,0.0
SWKS,2017-07-03 00:02:36.210366,95.95,96.64,17.71,184.53,183.91,1.67,459.33,19.74,4.86,1.17,0.28,3.11,1.88,9.0,86.0,0.5104363636363636
SLM,2017-07-03 00:02:37.080483,11.5,11.49,4.96,431.04,427.16,1.01,937.72,19.49,0.59,1.86,0.05,3.5,3.78,10.0,49.0,0.3056333333333333
SONC,2017-07-03 00:02:37.982174,26.49,26.91,1.12,42.43,40.51,1.07,53.62,17.66,1.5,2.11,0.14,22.22,1.06,3.0,66.0,0.06810000000000001
SPAR,2017-07-03 00:02:39.133496,8.85,8.75,310.88,35.13,30.38,1.19,266.72,42.14,0.21,1.13,0.05,1.58,173.67,8.0,76.0,0.03913333333333333
SPTN,2017-07-03 00:02:40.081702,25.96,26.17,982.46,37.85,36.85,1.06,534.58,15.73,1.65,2.54,0.17,2.36,218.99,4.0,84.0,-0.008533333333333334
SPOK,2017-07-03 00:02:40.733666,17.6386,17.8,363.49,20.54,19.86,0.84,299.18,31.61,0.56,2.82,0.13,2.85,128.5,0.0,92.0,0.34
SSNC,2017-07-03 00:02:41.501233,38.41,38.12,7.83,203.91,171.38,1.19,195.6,45.73,0.84,0.65,0.06,6.26,1.27,9.0,4.0,0.20249333333333333
SBUX,2017-07-03 00:02:42.073122,58.45,58.68,84.44,1.45,1.41,0.96,86.51,29.01,2.01,1.71,0.25,1.77,8.16,3.0,66.0,0.17057692307692307
CG,2017-07-03 00:02:42.699066,19.75,19.9,6.46,85.82,84.39,1.23,1.7,25.0,0.79,2.03,0.1,1.4,723.57,10.0,61.0,0.16848000000000002
CAKE,2017-07-03 00:02:43.363039,50.3,50.72,2.41,47.96,44.66,0.76,58.9,17.65,2.85,1.91,0.24,18.65,1.02,3.0,66.0,0.28061333333333327
TCFC,2017-07-03 00:02:44.249690,38.5,38.52,178.72,4.64,3.92,0.13,327.35,22.0,1.75,1.04,0.1,0.16,14.44,10.0,13.0,0.0817
ENSG,2017-07-03 00:02:44.938162,21.77,22.03,1.1,50.7,47.63,0.94,87.95,26.23,0.83,0.78,0.04,5.76,270.17,2.0,59.0,0.059199999999999996
FINL,2017-07-03 00:02:46.519351,14.17,14.53,568.88,40.35,39.34,0.89,147.12,44.93,0.32,3.11,0.11,23.36,1.65,3.0,38.0,0.2273066666666667
FBMS,2017-07-03 00:02:47.282437,27.5,27.5,252.37,9.14,8.33,0.17,137.9,21.23,1.3,0.54,0.04,0.94,28.55,10.0,13.0,0.16773076923076927
FLIC,2017-07-03 00:02:48.891083,28.6,28.65,688.75,24.08,21.84,1.0,373.44,21.08,1.36,1.96,0.14,0.66,75.79,10.0,13.0,0.015433333333333332
GT,2017-07-03 00:02:49.663168,34.96,34.9,8.8,251.79,250.74,1.36,229.79,7.39,4.73,1.14,0.1,7.08,2.83,7.0,19.0,0.22885714285714287
HCKT,2017-07-03 00:02:50.851508,15.5,15.32,452.91,29.22,23.85,0.99,269.89,20.13,0.77,1.94,0.15,0.94,213.07,3.0,35.0,0.12644
KHC,2017-07-03 00:02:51.461443,85.5,87.2,104.28,1.22,925.58,0.9,640.95,30.37,2.82,2.8,0.6,1.27,2.5,4.0,21.0,0.09966
NAVG,2017-07-03 00:02:52.277026,54.9,55.0,1.62,29.47,22.39,0.75,1.79,20.49,2.68,0.44,0.06,1.77,75.81,10.0,7.0,0.15786666666666666
YORW,2017-07-03 00:02:52.947518,34.85,35.2,447.61,12.84,12.71,0.75,453.3,37.51,0.93,1.84,0.16,1.26,41.23,0.0,91.0,0.06125333333333334
TTS,2017-07-03 00:02:53.501415,20.65,20.4,1.07,51.64,34.3,1.04,228.99,54.34,0.38,0.97,0.05,9.97,328.69,3.0,33.0,-0.1311857142857143
TSBK,2017-07-03 00:02:54.209919,25.27,25.5,185.71,7.35,6.1,0.26,178.68,15.89,1.59,1.74,0.11,0.16,29.31,10.0,65.0,0.13957999999999998
TRST,2017-07-03 00:02:55.359788,7.75,7.7,744.12,96.02,92.83,1.03,224.69,17.22,0.45,3.39,0.07,0.65,283.3,10.0,13.0,0.3186636363636363
TRMK,2017-07-03 00:02:55.929196,32.16,32.58,2.18,67.73,61.2,1.11,217.87,19.26,1.67,2.86,0.23,5.11,326.1,10.0,13.0,0.12732727272727273
UBSH,2017-07-03 00:02:56.662768,33.9,34.33,1.48,43.7,42.79,0.97,264.8,18.52,1.83,2.36,0.2,4.03,175.52,10.0,13.0,0.18743571428571432
UNB,2017-07-03 00:02:57.369251,47.5,48.1,211.94,4.46,3.47,0.22,195.89,24.36,1.95,2.44,0.29,4.07,5.48,10.0,13.0,0.17580714285714286
UBCP,2017-07-03 00:02:58.655250,12.2,11.65,66.19,5.43,4.59,-0.03,189.72,17.18,0.71,3.61,0.11,0.12,3.94,10.0,13.0,0.49151428571428574
UCBA,2017-07-03 00:02:59.501874,18.95,19.0,79.55,4.2,3.5,0.15,172.15,23.69,0.8,1.9,0.09,0.05,3.79,10.0,54.0,0
UCBI,2017-07-03 00:03:00.380980,27.8,28.04,1.97,70.96,65.88,1.12,231.0,19.58,1.42,1.29,0.09,2.08,406.17,10.0,13.0,0.37993076923076924
UCFC,2017-07-03 00:03:01.385263,8.3507,8.27,412.88,49.69,48.14,0.99,223.25,23.24,0.36,1.44,0.03,0.55,107.69,10.0,65.0,0.5375599999999999
UBNK,2017-07-03 00:03:02.221385,16.69,17.02,847.15,50.76,49.87,0.77,343.99,16.36,1.02,2.88,0.12,1.24,127.9,10.0,65.0,0.5567785714285715
UFCS,2017-07-03 00:03:02.969391,44.06,44.56,1.11,25.21,21.29,1.09,1.06,24.08,1.83,2.54,0.28,0.49,74.85,10.0,7.0,0.20299333333333333
UIHC,2017-07-03 00:03:03.693451,15.73,15.89,672.43,42.75,23.74,0.94,3.01,52.43,0.3,1.53,0.06,5.94,164.26,10.0,7.0,0.65883
UBFO,2017-07-03 00:03:04.582581,9.25,9.55,156.09,16.88,13.68,0.11,266.94,22.03,0.42,2.16,0.05,0.13,41.43,10.0,13.0,0.6615299999999998
USLM,2017-07-03 00:03:05.288604,78.0362,77.2,437.78,5.58,2.02,0.77,441.9,23.92,3.28,0.69,0.14,1.35,7.85,12.0,17.0,0.4215
UG,2017-07-03 00:03:06.275287,15.4535,15.25,70.99,4.59,2.81,0.36,342.45,26.19,0.59,5.44,0.42,0.29,4.29,4.0,81.0,0.04849333333333334
UNTY,2017-07-03 00:03:07.094871,17.2,17.0,181.2,10.54,7.59,0.19,296.01,13.87,1.24,1.4,0.06,0.41,25.56,10.0,13.0,0.0
OLED,2017-07-03 00:03:07.853913,109.25,110.4,5.14,47.03,41.51,1.63,1.11,91.04,1.2,0.11,0.03,9.51,882.55,8.0,73.0,-0.05808
UFPI,2017-07-03 00:03:08.868683,87.31,87.23,1.79,20.52,19.92,1.3,366.07,17.34,5.03,1.03,0.45,1.62,133.09,12.0,71.0,-0.007914285714285716
ULH,2017-07-03 00:03:09.658766,15.0,15.4662,426.65,28.44,8.25,1.16,174.79,20.0,0.75,1.87,0.07,1.09,21.74,11.0,90.0,-0.029746666666666664
UVSP,2017-07-03 00:03:10.391338,29.95,30.25,798.5,26.66,25.73,0.9,234.16,31.79,0.94,2.67,0.2,1.55,90.91,10.0,13.0,0.12379166666666667
VRTS,2017-07-03 00:03:11.270464,110.95,110.5,775.43,6.99,6.7,1.37,819.3,17.19,6.46,1.62,0.45,9.82,50.77,10.0,61.0,0.19087142857142858
VSEC,2017-07-03 00:03:11.987474,45.1388,45.48,487.49,10.84,8.53,1.12,295.46,17.78,2.53,0.62,0.07,1.23,33.65,3.0,79.0,0.148
WBA,2017-07-03 00:03:12.505342,78.21,79.5,83.8,1.08,933.78,0.95,324.17,19.73,3.97,1.92,0.38,1.09,4.83,2.0,25.0,0.24436666666666668
WAFD,2017-07-03 00:03:13.354450,33.2,33.65,2.97,89.44,88.42,1.05,324.14,17.57,1.89,1.81,0.15,4.07,429.02,10.0,13.0,-0.16601333333333335
WASH,2017-07-03 00:03:13.914867,51.55,52.7,886.97,17.21,14.78,0.99,335.18,18.81,2.74,2.95,0.38,2.94,40.74,10.0,13.0,0.5362357142857144
WFBI,2017-07-03 00:03:14.648871,34.5971,34.61,446.54,12.12,9.19,0.31,410.82,24.41,1.41,0.81,0.07,0.54,60.31,10.0,13.0,0.0
WSBF,2017-07-03 00:03:16.701331,18.85,19.0,553.93,29.39,23.66,0.64,218.23,18.3,1.03,2.55,0.12,2.09,78.44,10.0,54.0,0
WCFB,2017-07-03 00:03:17.417843,10.25,10.253,27.04,2.56,2.37,0.43,214.17,179.82,0.06,1.95,0.05,0.12,1.46,10.0,13.0,0
WDFC,2017-07-03 00:03:18.542256,110.35,110.1,1.55,14.06,13.58,0.85,852.51,31.0,3.56,1.78,0.49,11.49,71.64,12.0,29.0,0.16469285714285714
WEBK,2017-07-03 00:03:19.235750,27.7,27.7,68.83,2.49,1.86,0.11,372.14,21.47,1.29,0.72,0.05,0.04,1.5,10.0,65.0,0.0
WTFC,2017-07-03 00:03:19.958266,76.44,77.45,4.25,51.67,50.88,1.04,297.15,20.33,3.76,0.73,0.14,3.04,595.48,10.0,13.0,0.16766
WETF,2017-07-03 00:03:20.539734,10.17,10.25,1.39,136.61,114.0,2.2,1.02,63.56,0.16,3.15,0.08,23.69,2.47,10.0,45.0,0.15953076923076923
WWD,2017-07-03 00:03:21.496916,67.58,67.53,4.14,61.27,55.19,1.28,300.19,21.59,3.13,0.74,0.13,2.89,301.57,1.0,6.0,0.10324666666666667
ACET,2017-07-03 23:18:36.851754,15.87,15.48,465.06,30.1,29.09,1.25,2.14,30.52,0.52,1.64,0.07,7.91,223.99,2.0,31.0,0.2072266666666667
AHGP,2017-07-03 23:18:38.766294,24.71,24.05,1.42,59.86,23.25,0.75,595.46,7.04,3.51,8.9,0.55,0.88,132.61,1.0,3.0,0.14492
ARLP,2017-07-03 23:18:39.553976,19.45,19.0,1.41,74.6,42.3,0.89,957.77,4.71,4.13,9.0,0.44,2.2,327.61,1.0,3.0,0.20559999999999998
ATLO,2017-07-03 23:18:40.286577,30.95,30.85,284.92,9.31,8.49,1.03,259.28,18.53,1.67,2.84,0.22,1.42,7.39,10.0,13.0,0.3818
AFSI,2017-07-03 23:18:41.053394,15.14,15.13,2.58,171.25,84.41,0.91,716.35,7.28,2.08,4.49,0.17,18.05,3.5,10.0,7.0,0.10818666666666665
ADI,2017-07-03 23:18:42.077551,76.0379,78.27,28.55,367.01,365.42,1.23,400.56,25.98,2.93,2.36,0.45,1.42,4.11,9.0,86.0,-0.4499800000000001
APOG,2017-07-03 23:18:43.045431,57.74,57.16,1.64,28.78,28.06,1.37,206.67,19.84,2.91,0.97,0.14,16.8,290.79,8.0,28.0,0.056633333333333334
AMAT,2017-07-03 23:18:43.629457,41.38,41.33,44.39,1.07,1.07,1.29,774.97,16.88,2.43,0.98,0.1,1.23,9.77,9.0,86.0,0.10309333333333334
ARCB,2017-07-03 23:18:44.330086,21.35,20.75,532.22,25.84,24.9,1.77,248.17,32.85,0.65,1.5,0.08,1.81,257.32,11.0,90.0,0.2135428571428571
BRKR,2017-07-03 23:18:46.208415,28.8,28.97,4.61,159.94,103.87,1.16,270.13,30.64,0.94,0.56,0.04,2.92,715.68,8.0,52.0,0.054766666666666665
BMTC,2017-07-03 23:18:47.449902,42.9,42.55,719.95,16.94,16.28,0.85,317.9,19.95,2.15,1.96,0.21,3.59,67.76,10.0,13.0,0.17759999999999998
CFFI,2017-07-03 23:18:48.294076,47.3,47.0,163.54,3.49,3.23,0.61,182.56,11.92,3.97,2.79,0.33,0.5,5.49,10.0,13.0,0
CHRW,2017-07-03 23:18:49.080734,70.08,69.13,9.68,140.89,139.01,0.78,954.73,19.36,3.62,2.57,0.45,12.01,1.44,11.0,14.0,0.1527666666666667
CCMP,2017-07-03 23:18:49.873504,73.58,74.16,1.86,25.26,24.62,0.99,413.34,23.14,3.18,1.09,0.2,1.36,227.59,9.0,86.0,0.15828
CAC,2017-07-03 23:18:50.619107,44.03,43.04,665.66,15.51,15.1,0.9,269.5,18.16,2.42,2.09,0.23,5.32,47.62,10.0,13.0,0.17737333333333336
CPHC,2017-07-03 23:18:51.379067,11.2,11.175,48.11,4.37,2.57,0.19,61.99,10.98,1.02,2.14,0.06,0.04,2.37,3.0,23.0,0
CASY,2017-07-03 23:18:51.963854,106.92,107.23,4.2,39.18,38.75,0.71,214.39,23.87,4.48,0.97,0.26,11.91,500.22,7.0,19.0,0.13480666666666666
CASS,2017-07-03 23:18:52.648489,66.07,66.21,734.91,11.2,9.09,1.08,119.59,30.03,2.2,1.39,0.23,4.28,25.47,5.0,2.0,0.0
CATY,2017-07-03 23:18:53.386600,38.56,38.13,3.03,79.83,74.6,1.38,480.94,17.29,2.23,2.18,0.21,2.25,435.95,10.0,13.0,0.020261538461538463
CBFV,2017-07-03 23:18:54.086138,25.925,25.925,106.08,4.09,3.69,0.02,196.39,14.65,1.77,3.39,0.22,0.2,4.27,10.0,13.0,0.1476714285714286
CBOE,2017-07-03 23:18:54.675972,91.91,91.83,10.24,112.04,105.18,0.59,1.52,50.22,1.83,1.09,0.25,4.04,1.17,10.0,45.0,0.10763636363636363
CDK,2017-07-03 23:18:55.247842,61.94,62.33,9.01,145.19,144.77,1.08,252.53,31.6,1.96,0.9,0.14,1.88,949.67,5.0,2.0,0.23349999999999996
CHFC,2017-07-03 23:18:55.905446,49.73,48.78,3.44,71.12,70.16,1.03,185.05,22.51,2.21,2.17,0.27,2.51,343.4,10.0,13.0,-0.08196
CHMG,2017-07-03 23:18:56.556727,41.37,40.71,193.49,4.73,3.71,0.39,209.04,19.15,2.16,2.51,0.26,0.91,6.58,10.0,13.0,0.05464
PLCE,2017-07-03 23:18:57.485310,103.9,102.3,1.8,17.66,17.26,0.72,116.3,17.09,6.08,1.54,0.4,25.43,593.53,3.0,38.0,0.17025333333333334
CTBI,2017-07-03 23:18:58.290092,44.9,44.2,772.84,17.67,17.04,0.88,196.89,16.82,2.67,2.85,0.32,1.57,43.05,10.0,13.0,0.6378800000000001
CWBC,2017-07-03 23:18:59.308847,10.105,10.1,81.84,8.1,5.35,0.18,298.18,15.9,0.64,1.58,0.04,0.08,5.17,10.0,13.0,0.04115833333333333
CPSI,2017-07-03 23:19:00.038134,32.0,32.8,443.98,13.54,11.46,0.72,130.85,72.73,0.44,2.5,0.2,31.59,104.72,9.0,68.0,0.15218
CMTL,2017-07-03 23:19:00.778380,19.11,19.0,447.12,23.55,22.68,1.1,273.26,38.22,0.5,2.09,0.1,3.94,261.89,9.0,98.0,-0.009846153846153846
CNMD,2017-07-03 23:19:02.132245,50.77,51.11,1.42,27.87,27.62,0.81,233.0,115.39,0.44,1.58,0.2,3.94,136.67,2.0,93.0,0.042778571428571395
CTWS,2017-07-03 23:19:02.838905,57.0,55.7,641.92,11.56,11.26,0.6,374.35,26.29,2.17,2.09,0.3,2.05,35.91,0.0,91.0,0.016886666666666657
CORE,2017-07-03 23:19:03.736821,33.46,33.29,1.53,46.32,45.13,0.82,1.95,30.61,1.09,1.08,0.09,7.09,271.48,4.0,84.0,0.1792133333333333
COST,2017-07-03 23:19:04.344390,158.8,160.21,70.14,438.68,435.62,0.68,565.53,27.53,5.77,1.26,0.5,1.84,3.14,3.0,0.0,0.057859999999999995
ICBK,2017-07-03 23:19:05.058192,24.69,25.28,159.38,6.64,5.04,0.41,391.39,15.05,1.64,0.97,0.06,1.2,13.52,10.0,13.0,0.23879999999999993
CBRL,2017-07-03 23:19:05.804114,168.45,167.88,4.02,24.04,23.75,0.74,40.12,20.37,8.27,2.85,3.5,17.92,246.24,3.0,66.0,0.15970666666666666
CRWS,2017-07-03 23:19:06.407417,7.15,6.95,69.9,10.03,8.55,0.3,554.44,12.77,0.56,4.48,0.08,0.59,18.45,12.0,55.0,0.3035166666666666
CSGS,2017-07-03 23:19:07.318033,40.7,40.66,1.37,33.79,32.98,0.91,231.64,21.65,1.88,1.94,0.2,1.97,229.33,9.0,68.0,0.20761333333333334
CSX,2017-07-03 23:19:08.006248,54.5,54.75,50.34,922.69,876.68,1.19,419.26,29.78,1.83,1.47,0.2,2.58,7.54,11.0,97.0,0.19651999999999997
FAST,2017-07-03 23:19:08.640515,44.05,43.21,12.59,289.26,287.39,1.06,205.01,25.17,1.75,2.91,0.32,8.46,3.23,3.0,74.0,0.10596666666666668
FBSS,2017-07-03 23:19:09.332392,19.03,19.3,71.61,3.77,3.54,-0.28,175.71,18.66,1.02,2.52,0.12,0.05,1.28,10.0,13.0,0.0
LION,2017-07-03 23:19:09.972973,23.61,22.87,602.48,26.36,21.33,1.02,252.35,13.81,1.71,2.03,0.12,4.58,111.32,10.0,13.0,0.09866666666666667
FISI,2017-07-03 23:19:11.327932,30.45,29.9,433.35,14.54,13.75,0.88,231.08,14.36,2.12,2.76,0.21,0.79,68.12,10.0,13.0,-0.22024
FBNC,2017-07-03 23:19:12.041322,31.62,31.35,770.72,24.66,24.17,0.99,201.67,23.6,1.34,1.01,0.08,2.75,122.01,10.0,13.0,0.2631111111111111
FNLC,2017-07-03 23:19:13.034172,27.68,26.96,292.71,10.82,9.2,0.86,286.6,16.48,1.68,3.47,0.24,1.32,20.84,10.0,13.0,0.17618461538461538
BUSE,2017-07-03 23:19:14.014135,30.16,29.5,1.12,38.21,32.04,0.96,206.96,20.94,1.44,2.39,0.18,2.11,124.77,10.0,13.0,0.14027692307692308
FBIZ,2017-07-03 23:19:15.278939,23.5,23.07,201.21,8.72,8.15,0.52,347.63,14.97,1.57,2.21,0.13,1.03,23.74,10.0,13.0,0.19489333333333334
FCAP,2017-07-03 23:19:16.183764,31.62,31.38,103.98,3.34,3.19,0.22,152.28,15.5,2.04,2.66,0.21,0.06,658.6,10.0,54.0,0.1751
THFF,2017-07-03 23:19:17.023457,48.65,47.45,578.2,12.22,9.71,0.9,172.39,17.42,2.79,2.06,0.5,1.11,30.41,10.0,13.0,0.05805
FFNW,2017-07-03 23:19:17.609001,16.77,16.14,178.01,11.04,8.23,0.55,378.2,19.96,0.84,1.67,0.07,0.98,28.01,10.0,13.0,0.22585000000000002
FGBI,2017-07-03 23:19:18.650029,27.36,27.4,207.27,7.61,3.87,0.23,228.0,14.63,1.87,2.34,0.16,0.23,16.28,10.0,54.0,-0.3182
FHB,2017-07-03 23:19:19.419589,31.2104,30.69,4.27,139.55,52.88,1.03,329.17,19.64,1.59,2.82,0.22,1.6,425.19,10.0,13.0,0.20010666666666663
INBK,2017-07-03 23:19:20.172291,28.6,28.0,182.27,6.5,6.07,0.63,401.42,13.06,2.19,0.84,0.06,1.7,20.73,10.0,13.0,0.015006666666666668
FIBK,2017-07-03 23:19:21.427432,38.1,37.3,2.1,21.92,20.37,1.01,252.79,17.4,2.19,2.52,0.24,4.21,296.12,10.0,13.0,0.20060666666666668
GLBZ,2017-07-03 23:19:22.267492,11.19,10.55,30.13,2.79,2.16,0.13,161.65,27.86,0.4,3.57,0.1,0.07,1.66,10.0,13.0,0
SELF,2017-07-03 23:19:23.132916,4.97,4.935,37.33,7.62,7.17,0.16,266.8,122.41,0.04,5.23,0.07,0.19,14.85,3.0,75.0,0.2157
GMLP,2017-07-03 23:19:24.522087,21.06,20.15,1.42,69.25,48.4,1.09,934.29,7.39,2.85,10.97,0.58,4.3,300.46,3.0,20.0,0.0
MLHR,2017-07-03 23:19:25.203580,30.55,30.5,1.82,59.79,59.09,1.22,300.2,14.08,2.17,2.23,0.17,2.0,349.2,7.0,34.0,0.09147272727272727
HIHO,2017-07-03 23:19:26.063143,3.4499,3.45,13.12,3.8,2.55,0.26,64.48,24.64,0.14,8.12,0.07,0.1,9.38,8.0,69.0,-0.2263
HOMB,2017-07-03 23:19:26.642829,25.54,25.04,3.57,143.43,127.08,1.24,356.17,19.65,1.3,1.41,0.09,6.1,1.03,10.0,13.0,0.08457142857142856
HOPE,2017-07-03 23:19:27.300658,19.16,18.77,2.52,135.25,128.78,1.19,387.66,17.74,1.08,2.51,0.12,1.49,623.88,10.0,13.0,0.5921866666666666
HFBC,2017-07-03 23:19:28.258725,14.4,14.36,96.28,6.72,5.85,0.06,169.69,26.67,0.54,1.39,0.05,0.1,3.28,10.0,13.0,0.10354999999999999
HBNC,2017-07-03 23:19:28.969747,26.66,26.58,584.86,22.2,20.85,0.83,225.0,22.85,1.17,1.95,0.13,1.17,59.83,10.0,13.0,0.21509230769230772
HPT,2017-07-03 23:19:29.846225,29.8,29.19,4.79,164.27,161.62,1.0,4.58,26.0,1.15,6.98,0.52,2.28,626.91,3.0,75.0,0.59242
HSNI,2017-07-03 23:19:30.459229,32.3,31.95,1.67,52.38,31.9,0.95,544.02,15.38,2.1,4.33,0.35,5.96,440.63,3.0,82.0,0.0915
HBAN,2017-07-03 23:19:31.434230,13.75,13.64,14.7,1.09,1.07,1.28,258.61,20.54,0.67,2.33,0.08,1.6,9.5,10.0,13.0,0.12194285714285714
HURC,2017-07-03 23:19:32.197515,35.2,34.8,230.18,6.6,6.14,1.2,301.35,23.05,1.53,1.14,0.1,0.62,22.95,8.0,6.0,0
IBKC,2017-07-03 23:19:32.986579,82.45,82.0,4.15,50.97,50.09,1.08,305.0,19.04,4.33,1.75,0.36,2.07,429.61,10.0,13.0,0.02732
IROQ,2017-07-03 23:19:33.928057,19.49,19.5,78.08,4.0,3.04,0.04,266.8,16.38,1.19,0.82,0.08,0.04,1.92,10.0,54.0,0.18956666666666666
ILG,2017-07-03 23:19:34.761451,27.34,27.6,3.43,124.77,105.46,1.01,154.48,10.16,2.69,2.19,0.15,5.4,1.49,10.0,87.0,0.23572307692307692
IXYS,2017-07-03 23:19:35.619501,16.0,16.6,520.0,31.61,24.68,1.31,321.16,24.62,0.65,1.0,0.04,0.51,194.61,9.0,86.0,0.29798571428571424
LKFN,2017-07-03 23:19:36.403711,47.05,45.89,1.16,25.18,24.09,0.95,340.19,23.96,1.96,1.87,0.22,5.12,75.98,10.0,13.0,0.20011333333333328
LRCX,2017-07-03 23:19:37.653368,139.24,142.71,22.81,161.31,160.63,1.34,962.61,17.77,7.84,1.29,0.45,6.05,2.23,9.0,6.0,-0.07203076923076923
LSTR,2017-07-03 23:19:38.548740,87.4,86.2,3.59,41.93,41.57,0.81,2.7,26.25,3.33,0.41,0.09,3.87,273.66,11.0,90.0,0.12432857142857143
MKTX,2017-07-03 23:19:39.204475,203.39,201.7,7.56,37.59,36.15,1.0,1.0,55.12,3.69,0.65,0.33,1.29,168.72,10.0,45.0,0.01240666666666667
MRVL,2017-07-03 23:19:40.517292,16.09,16.67,8.29,501.67,417.3,1.19,526.62,59.55,0.27,1.49,0.06,1.52,7.27,9.0,86.0,0.0026666666666666653
MAT,2017-07-03 23:19:41.083311,21.0,21.54,7.38,342.56,341.47,0.86,166.34,26.57,0.79,2.86,0.15,6.0,6.95,4.0,46.0,0.26516
MATW,2017-07-03 23:19:41.851692,62.95,61.4,1.97,32.2,30.96,0.98,144.56,28.48,2.21,1.08,0.17,1.05,90.36,8.0,69.0,-0.128
MXIM,2017-07-03 23:19:42.418157,44.19,45.14,12.69,282.55,279.95,1.08,313.29,25.4,1.74,2.99,0.33,1.4,2.19,9.0,86.0,0.14918666666666666
MGRC,2017-07-03 23:19:43.158281,35.31,34.67,830.5,23.98,22.21,0.89,397.03,21.4,1.65,2.95,0.26,0.96,78.5,9.0,24.0,0.17062727272727274
MFIN,2017-07-03 23:19:44.194719,2.33,2.4,58.02,24.28,20.41,0.81,175.14,3.15,0.74,8.58,0.05,30.68,170.94,10.0,49.0,0.03182
MELI,2017-07-03 23:19:44.995950,256.0,254.03,11.08,44.16,39.94,1.53,231.72,71.62,3.5,0.24,0.15,3.73,590.45,5.0,2.0,-0.031900000000000005
MBWM,2017-07-03 23:19:45.553933,32.95,31.51,518.35,16.47,15.96,0.9,202.46,17.43,1.89,2.19,0.18,0.98,38.31,10.0,13.0,0.1426090909090909
MSBI,2017-07-03 23:19:46.255612,33.94,33.82,637.18,15.79,11.5,0.74,286.4,15.08,2.25,2.36,0.2,1.88,76.53,10.0,13.0,-0.051800000000000006
MOFG,2017-07-03 23:19:46.874537,34.85,34.0,413.83,12.21,10.4,0.8,229.77,18.54,1.88,1.89,0.17,0.63,42.66,10.0,13.0,0.20650909090909095
MNDO,2017-07-03 23:19:47.697607,2.465,2.52,48.4,19.29,15.97,0.46,68.48,11.74,0.21,12.98,0.32,0.15,25.85,9.0,68.0,0.0
MKSI,2017-07-03 23:19:48.210813,67.3,68.3,3.64,54.11,53.3,1.15,331.87,24.21,2.78,1.04,0.18,4.1,512.6,8.0,6.0,0.16661999999999996
MINI,2017-07-03 23:19:48.914543,30.8,29.95,1.32,44.2,43.5,1.34,254.06,29.33,1.05,2.95,0.23,7.16,222.0,8.0,69.0,0.15214
MDLZ,2017-07-03 23:19:50.084229,43.2,43.47,65.53,1.52,1.51,0.99,287.58,38.98,1.11,1.76,0.19,1.04,7.29,4.0,21.0,0.5233666666666666
MPWR,2017-07-03 23:19:51.048264,94.24,96.9,3.98,41.27,37.97,1.3,285.47,70.86,1.33,0.85,0.2,3.05,278.24,9.0,86.0,-0.0051066666666666665
NTAP,2017-07-03 23:19:51.613182,39.57,40.44,10.88,270.95,270.55,1.05,545.84,21.86,1.81,2.02,0.2,3.75,3.04,9.0,96.0,0.2975866666666667
NYMT,2017-07-03 23:19:52.191580,6.28,6.23,695.66,111.84,110.22,0.67,18.32,12.31,0.51,12.74,0.2,9.28,796.21,3.0,75.0,0.5764466666666667
NEWS,2017-07-03 23:19:52.715983,10.69,10.53,441.77,42.07,26.29,1.49,4.08,19.09,0.56,0.75,0.02,0.94,86.72,10.0,49.0,0.13144
NXST,2017-07-03 23:19:54.045822,60.6,59.85,2.82,47.22,44.01,1.43,306.57,26.01,2.33,1.98,0.3,12.25,784.65,3.0,67.0,0.05886
NICE,2017-07-03 23:19:54.805995,78.4607,79.11,4.83,60.32,60.27,0.84,225.52,47.75,1.64,0.82,0.16,1.21,163.86,9.0,37.0,0.5527666666666669
NICK,2017-07-03 23:19:55.604896,9.46,9.28,71.85,7.81,7.14,0.48,295.06,13.71,0.69,5.07,0.12,1.54,15.76,10.0,48.0,-0.5065866666666667
OLBK,2017-07-03 23:19:56.602611,28.32,28.4023,308.57,10.95,8.42,0.29,303.74,20.98,1.35,1.13,0.08,0.91,24.06,10.0,13.0,0.12766428571428573
ONB,2017-07-03 23:19:57.218354,17.75,17.35,2.34,135.37,132.58,1.15,247.03,16.33,1.09,2.93,0.13,4.82,946.88,10.0,13.0,-1.538461538461369e-05
OPOF,2017-07-03 23:19:57.987256,34.2,34.82,163.68,4.98,3.92,-0.02,150.68,45.6,0.75,1.29,0.11,0.15,14.53,10.0,13.0,0
OSBC,2017-07-03 23:19:58.661737,12.25,11.65,341.65,29.58,27.26,0.71,224.97,21.49,0.57,0.33,0.01,1.49,115.83,10.0,13.0,0.12176363636363635
ZEUS,2017-07-03 23:19:59.492306,19.47,19.5,213.58,10.96,9.22,1.53,681.72,29.95,0.65,0.41,0.02,2.98,260.63,12.0,69.0,0.026042857142857142
POPE,2017-07-03 23:20:00.269750,74.05,74.0,323.45,4.37,2.99,0.07,1.33,31.38,2.36,3.78,0.7,0.03,1.1,4.0,43.0,0.22628000000000004
BPOP,2017-07-03 23:20:01.309457,42.47,41.83,4.25,101.99,100.24,1.16,273.84,19.94,2.13,2.35,0.25,1.13,493.29,10.0,13.0,0.36906
PCH,2017-07-03 23:20:03.539893,45.95,45.85,1.86,40.61,39.91,0.92,651.89,68.58,0.67,3.26,0.38,3.25,335.02,3.0,75.0,0.03915999999999999
POWL,2017-07-03 23:20:04.407030,32.53,32.16,365.61,11.43,8.64,1.05,205.78,40.16,0.81,3.2,0.26,0.75,29.58,7.0,73.0,0.2525199999999999
POWI,2017-07-03 23:20:05.125341,71.45,73.5,2.16,29.69,28.54,1.26,649.77,39.92,1.79,0.78,0.14,3.02,175.82,9.0,86.0,0.09046666666666667
PLPC,2017-07-03 23:20:05.822335,46.06,46.87,237.58,5.12,2.38,0.84,132.81,16.81,2.74,1.74,0.2,1.54,7.65,12.0,91.0,0.4368
PFBI,2017-07-03 23:20:06.483793,20.93,20.59,219.66,10.66,8.37,0.38,189.62,17.36,1.21,2.87,0.15,0.78,19.63,10.0,13.0,0.0
PSMT,2017-07-03 23:20:07.123122,87.6,87.75,2.66,30.4,20.34,0.93,376.28,29.2,3.0,0.8,0.35,6.4,118.3,3.0,0.0,-0.04668666666666667
PRIM,2017-07-03 23:20:07.896788,25.15,25.03,1.28,51.44,39.71,1.32,268.48,40.56,0.62,0.87,0.06,2.05,184.43,12.0,91.0,0.09994666666666666
PROV,2017-07-03 23:20:08.960941,19.56,19.31,151.92,7.89,6.06,0.5,147.11,22.74,0.86,2.66,0.13,0.65,17.37,10.0,54.0,0.05637333333333334
PBIP,2017-07-03 23:20:09.867803,18.34,18.15,163.74,9.02,8.34,0.2,348.68,246.51,0.07,0.65,0.03,0.59,29.86,10.0,65.0,0.21608461538461537
PMD,2017-07-03 23:20:10.866871,25.15,24.95,136.23,5.46,4.98,0.41,206.42,16.87,1.49,2.39,0.15,0.86,23.86,2.0,12.0,0
QCRH,2017-07-03 23:20:11.494057,48.5,47.55,624.26,13.17,12.2,0.5,254.63,21.0,2.31,0.41,0.05,0.79,46.14,10.0,13.0,0.11305333333333333
QCOM,2017-07-03 23:20:12.109220,54.95,55.53,81.58,1.48,1.47,1.02,762.07,18.32,3.0,4.15,0.57,1.73,11.06,9.0,98.0,0.16451999999999997
RAVN,2017-07-03 23:20:13.038611,33.45,33.45,1.2,36.09,35.79,1.15,321.54,45.2,0.74,1.55,0.13,1.34,171.33,8.0,47.0,-0.04431333333333333
RICK,2017-07-03 23:20:13.751281,22.85,23.61,231.7,9.72,8.98,0.52,67.62,22.85,1.0,0.53,0.03,1.4,84.91,3.0,66.0,0.04674666666666667
RRR,2017-07-03 23:20:14.904617,23.41,23.61,2.77,67.72,66.89,1.02,106.12,26.6,0.88,1.71,0.1,3.56,764.38,3.0,27.0,0.2571666666666667
SIGI,2017-07-03 23:20:15.527931,51.15,50.35,2.92,58.25,56.98,0.96,1.04,17.52,2.92,1.25,0.16,1.33,248.76,10.0,7.0,0.14991999999999997
SNH,2017-07-03 23:20:16.405941,20.68,20.56,4.86,237.54,234.33,0.66,2.35,35.27,0.59,7.54,0.39,2.49,1.65,3.0,75.0,0.5640466666666666
SFBS,2017-07-03 23:20:17.142597,37.57,37.03,1.95,52.83,44.7,0.99,575.43,24.01,1.57,0.53,0.05,8.62,153.88,10.0,13.0,0.12344000000000002
SCVL,2017-07-03 23:20:18.001718,20.65,20.88,360.35,17.23,11.51,0.87,194.91,17.35,1.19,1.45,0.08,8.51,169.15,3.0,38.0,0.32594
SHBI,2017-07-03 23:20:18.850021,16.74,16.48,208.59,12.68,12.42,0.36,190.5,21.19,0.79,1.19,0.05,0.55,32.17,10.0,13.0,0.15539999999999998
SIFI,2017-07-03 23:20:19.682744,16.15,16.15,196.48,12.2,11.09,0.29,231.41,16.65,0.97,1.24,0.05,0.55,26.1,10.0,54.0,0.0
SWKS,2017-07-03 23:20:20.313108,95.05,96.44,17.71,184.53,183.91,1.67,459.33,19.62,4.86,1.17,0.28,3.11,1.88,9.0,86.0,0.39920666666666677
SLM,2017-07-03 23:20:20.948560,11.6,11.54,4.96,431.04,427.16,1.01,937.72,19.66,0.59,1.85,0.05,3.5,3.78,10.0,49.0,0.3056333333333333
SONC,2017-07-03 23:20:21.664525,26.76,26.57,1.12,42.43,40.51,1.07,53.62,17.84,1.5,2.09,0.14,22.22,1.06,3.0,66.0,0.132
SPAR,2017-07-03 23:20:22.544030,8.95,8.85,310.88,35.13,30.38,1.19,266.72,42.62,0.21,1.12,0.05,1.58,173.67,8.0,76.0,0.03753333333333333
SPTN,2017-07-03 23:20:23.710704,26.25,26.2,982.46,37.85,36.85,1.06,534.58,15.91,1.65,2.51,0.17,2.36,218.99,4.0,84.0,-0.09312307692307692
SPOK,2017-07-03 23:20:24.407385,18.0,17.7,363.49,20.54,19.86,0.83,299.18,32.14,0.56,2.78,0.13,2.85,128.5,0.0,92.0,0.34
SSNC,2017-07-03 23:20:25.046377,37.8,38.42,7.83,203.91,171.38,1.19,195.6,45.0,0.84,0.66,0.06,6.26,1.27,9.0,4.0,0.18506666666666666
SBUX,2017-07-03 23:20:25.676684,58.07,58.9,84.44,1.45,1.41,0.97,86.51,28.98,2.01,1.72,0.25,1.77,8.16,3.0,66.0,0.08124
CG,2017-07-03 23:20:26.284041,19.55,19.85,6.46,85.82,84.39,1.23,1.7,24.75,0.79,2.05,0.1,1.4,723.57,10.0,61.0,0.21664
CAKE,2017-07-03 23:20:27.186841,50.44,50.1,2.41,47.96,44.66,0.76,58.9,17.55,2.85,1.92,0.24,18.65,1.02,3.0,66.0,0.28061333333333327
TCFC,2017-07-03 23:20:28.026069,38.43,38.9276,178.72,4.64,3.92,0.13,327.35,21.96,1.75,1.04,0.1,0.16,14.44,10.0,13.0,0.0817
ENSG,2017-07-03 23:20:28.708115,21.92,21.77,1.1,50.7,47.63,0.94,87.95,26.41,0.83,0.78,0.04,5.76,270.17,2.0,59.0,0.04559333333333333
FINL,2017-07-03 23:20:29.571646,14.79,14.19,568.88,40.35,39.34,0.9,147.12,46.89,0.32,2.97,0.11,23.36,1.65,3.0,38.0,0.06198
FBMS,2017-07-03 23:20:30.266802,27.85,27.6,252.37,9.14,8.33,0.17,137.9,21.42,1.3,0.54,0.04,0.94,28.55,10.0,13.0,0.08065833333333333
FLIC,2017-07-03 23:20:31.679514,28.75,28.65,688.75,24.08,21.84,1.0,373.44,21.19,1.36,1.95,0.14,0.66,75.79,10.0,13.0,0.039114285714285706
GT,2017-07-03 23:20:32.558796,34.96,35.14,8.8,251.79,250.74,1.37,229.79,7.39,4.73,1.14,0.1,7.08,2.83,7.0,19.0,0.15734285714285717
HCKT,2017-07-03 23:20:33.526537,15.53,15.53,452.91,29.22,23.85,0.99,269.89,20.17,0.77,1.93,0.15,0.94,213.07,3.0,35.0,-0.14997333333333335
KHC,2017-07-03 23:20:34.580030,84.45,85.96,104.28,1.22,925.58,0.9,640.95,29.95,2.82,2.84,0.6,1.27,2.5,4.0,21.0,0.1276857142857143
NAVG,2017-07-03 23:20:35.410310,54.95,55.15,1.62,29.47,22.39,0.75,1.79,20.5,2.68,0.44,0.06,1.77,75.81,10.0,7.0,0.22083999999999995
YORW,2017-07-03 23:20:36.178187,35.25,34.9,447.61,12.84,12.71,0.75,453.3,37.94,0.93,1.82,0.16,1.26,41.23,0.0,91.0,0.12710666666666665
TTS,2017-07-03 23:20:36.934577,20.55,20.9,1.07,51.64,34.3,1.04,228.99,54.08,0.38,0.97,0.05,9.97,328.69,3.0,33.0,-0.11004285714285714
TSBK,2017-07-03 23:20:37.736325,25.39,25.2,185.71,7.35,6.1,0.25,178.68,15.97,1.59,1.73,0.11,0.16,29.31,10.0,65.0,0.2250333333333333
TRST,2017-07-03 23:20:38.265947,7.9,7.75,744.12,96.02,92.83,1.04,224.69,17.56,0.45,3.32,0.07,0.65,283.3,10.0,13.0,0.29564166666666664
TRMK,2017-07-03 23:20:39.092911,32.71,32.29,2.18,67.73,61.2,1.11,217.87,19.59,1.67,2.81,0.23,5.11,326.1,10.0,13.0,0.11671666666666668
UBSH,2017-07-03 23:20:39.718187,34.88,34.12,1.48,43.7,42.79,0.98,264.8,19.06,1.83,2.29,0.2,4.03,175.52,10.0,13.0,0.21343571428571426
UNB,2017-07-03 23:20:40.399762,48.15,48.25,211.94,4.46,3.47,0.21,195.89,24.69,1.95,2.41,0.29,4.07,5.48,10.0,13.0,0.21343571428571426
UBCP,2017-07-03 23:20:41.493381,11.7,11.7,66.19,5.43,4.59,-0.03,189.72,17.18,0.71,3.61,0.11,0.12,3.94,10.0,13.0,0.4883266666666667
UCBA,2017-07-03 23:20:42.370412,18.95,18.95,79.55,4.2,3.5,0.13,172.15,23.69,0.8,1.9,0.09,0.05,3.79,10.0,54.0,0.4215
UCBI,2017-07-03 23:20:43.075236,28.31,27.94,1.97,70.96,65.88,1.13,231.0,19.94,1.42,1.27,0.09,2.08,406.17,10.0,13.0,0.38637499999999997
UCFC,2017-07-03 23:20:43.900871,8.58,8.32,412.88,49.69,48.14,0.98,223.25,23.99,0.36,1.4,0.03,0.55,107.69,10.0,65.0,0.5317000000000001
UBNK,2017-07-03 23:20:44.645386,17.21,16.75,847.15,50.76,49.87,0.77,343.99,16.87,1.02,2.79,0.12,1.24,127.9,10.0,65.0,0.5368428571428572
UFCS,2017-07-03 23:20:45.454844,44.64,44.23,1.11,25.21,21.29,1.09,1.06,24.39,1.83,2.51,0.28,0.49,74.85,10.0,7.0,0.22160000000000002
UIHC,2017-07-03 23:20:46.291426,16.25,15.83,672.43,42.75,23.74,0.95,3.01,54.17,0.3,1.48,0.06,5.94,164.26,10.0,7.0,0.6639888888888889
UBFO,2017-07-03 23:20:47.067625,9.5,9.5,156.09,16.88,13.68,0.11,266.94,22.62,0.42,2.11,0.05,0.13,41.43,10.0,13.0,0.6642666666666666
USLM,2017-07-03 23:20:47.707333,78.53,78.06,437.78,5.58,2.02,0.77,441.9,23.94,3.28,0.69,0.14,1.35,7.85,12.0,17.0,0.4215
UG,2017-07-03 23:20:48.475819,15.1,15.1,70.99,4.59,2.81,0.37,342.45,25.59,0.59,5.56,0.42,0.29,4.29,4.0,81.0,0.08227999999999999
UNTY,2017-07-03 23:20:49.197613,17.4,17.345,181.2,10.54,7.59,0.19,296.01,14.03,1.24,1.38,0.06,0.41,25.56,10.0,13.0,0.0
OLED,2017-07-03 23:20:49.849508,108.0,109.9,5.14,47.03,41.51,1.63,1.11,90.54,1.2,0.11,0.03,9.51,882.55,8.0,73.0,-0.04941428571428571
UFPI,2017-07-03 23:20:50.918290,88.74,87.57,1.79,20.52,19.92,1.3,366.07,17.63,5.03,1.01,0.45,1.62,133.09,12.0,71.0,-0.045457142857142856
ULH,2017-07-03 23:20:51.788289,15.4,15.0,426.65,28.44,8.25,1.16,174.79,20.53,0.75,1.82,0.07,1.09,21.74,11.0,90.0,-0.039384615384615386
UVSP,2017-07-03 23:20:52.496823,30.3,30.25,798.5,26.66,25.73,0.9,234.16,32.16,0.94,2.64,0.2,1.55,90.91,10.0,13.0,0.13504545454545455
VRTS,2017-07-03 23:20:53.257524,111.1,111.8,775.43,6.99,6.7,1.37,819.3,17.21,6.46,1.62,0.45,9.82,50.77,10.0,61.0,0.19087142857142858
VSEC,2017-07-03 23:20:53.993827,46.19,45.8,487.49,10.84,8.53,1.12,295.46,18.26,2.53,0.61,0.07,1.23,33.65,3.0,79.0,0.148
WBA,2017-07-03 23:20:54.409401,78.0268,78.52,83.8,1.08,933.78,0.95,324.17,19.68,3.97,1.92,0.38,1.09,4.83,2.0,25.0,0.07658000000000002
WAFD,2017-07-03 23:20:55.399043,33.75,33.3,2.97,89.44,88.42,1.05,324.14,17.86,1.89,1.78,0.15,4.07,429.02,10.0,13.0,0.13197999999999996
WASH,2017-07-03 23:20:56.193076,52.35,51.85,886.97,17.21,14.78,0.99,335.18,19.11,2.74,2.9,0.38,2.94,40.74,10.0,13.0,0.5520692307692309
WFBI,2017-07-03 23:20:56.811502,35.12,34.5,446.54,12.12,9.19,0.31,410.82,24.83,1.41,0.8,0.07,0.54,60.31,10.0,13.0,0.0
WSBF,2017-07-03 23:20:57.594195,19.25,18.9193,553.93,29.39,23.66,0.64,218.23,18.69,1.03,2.49,0.12,2.09,78.44,10.0,54.0,0.0
WCFB,2017-07-03 23:20:58.186134,10.33,10.33,27.04,2.56,2.37,0.43,214.17,179.82,0.06,1.95,0.05,0.12,1.46,10.0,13.0,0
WDFC,2017-07-03 23:20:59.035175,111.7,110.6,1.55,14.06,13.58,0.85,852.51,31.38,3.56,1.75,0.49,11.49,71.64,12.0,29.0,0.33046000000000003
WEBK,2017-07-03 23:20:59.730072,26.6,27.7,68.83,2.49,1.86,0.11,372.14,20.62,1.29,0.75,0.05,0.04,1.5,10.0,65.0,0.0
WTFC,2017-07-03 23:21:00.254408,78.29,76.78,4.25,51.67,50.88,1.04,297.15,20.82,3.76,0.72,0.14,3.04,595.48,10.0,13.0,0.018213333333333335
WETF,2017-07-03 23:21:00.809680,10.31,10.25,1.39,136.61,114.0,2.2,1.02,64.44,0.16,3.1,0.08,23.69,2.47,10.0,45.0,0.10630666666666663
WWD,2017-07-03 23:21:01.715135,67.88,67.87,4.14,61.27,55.19,1.28,300.19,21.69,3.13,0.74,0.13,2.89,301.57,1.0,6.0,-0.11110666666666666
